,Hospital,State,City,LocalAddress,Pincode
0,A A Hospital,Tamilnadu,Hosur,Denkani Kottai Road Mathigiri,635110
1,A C Hospital,Tamilnadu,Chennai,"No-8, 3Rd Main Road, United India Nagar, Ayanavaram, Chennai-600023",600023
2,A-Care Orthopaedic & General Hospital,Maharashtra,Mumbai,"G-1, Giriraj Tower, Sai Baba Nagar, Mira Bhayander Road, Mira Road.",401107
3,A-One Hospital Pvt Ltd,Delhi,Delhi,"A-1/7, Panchim Vihar, Rohtak Road, New Delhi-110063",110063
4,A.B.Eye Institute,Bihar,Patna,"Road No.12, Rajendra Nagar, Patna, Bihar-800016",800016
5,A.C. Hospital,Tamilnadu,Salem,"201,2Nd Agraharam",636001
6,A.G. Eye Care Hospitals (U Nit Of Dr. A.G. Eye Hospitals Private Limited,Tamilnadu,Chennai,"No. 106, R.K. Mutt Road. Mylapore, Chennai, Tamilnadu",600004
7,A.G. Hospital,Tamilnadu,Coimbatore,"34, Kpn Colony 3Rd Street, Tirupur",641601
8,A.G. Padmavati'S Hospital Ltd.,Tamilnadu,Pondicherry,"R.S. No.127/A, Villianur Main Road, Arumparthapuram, Puducherry",605110
9,A.J. Hospital,Kerala,Trivandrum,"Kazhakuttam, P.O., Thiruvananthapuram, Trivandrum-695582",695582
10,A.J. Hospital & Research Centre,Karnataka,Mangalore,"Kuntikan, Mangalore, Dakshina Kannada-575004, Opp. Ksrtc Depot.Kuntikana",575004
11,A.K.G. Surgical Centre,Uttar Pradesh,Aligarh,"# 225, Avas Vikas Colony,Masoodabad Chouraha Gt Roadmasoodabad Chouraha,G.T.Road,",202001
12,A.M. Hospital,Karnataka,Bangalore,"# 20/1, 2Nd Cross, Widia Layout, Vijayanagar, Bangalore",560040
13,A.M. Hospital,Kerala,Cochin,"N.H. 47, Karunagapally",690518
14,A.N. Beach Hospital,Andhra Pradesh,Vizag,"15-9-13/24, Krishna Nagar,Near Beach Road, Visakhapatnam, Andhra Pradesh",530002
15,A.N.N Hospital,Tamilnadu,Chennai,"81-85,Annai Therasa Street,Valasaravakkam",600087
16,A.P.Hospital,Punjab,Amritsar,"Ajitnagar Chowk,Near Sultan Wind Water Tank",143001
17,A.P.Varkey Mission Hospital,Kerala,Ernakulam,Arakunnam P.O. Thottapady.,682313
18,A.R.Hospital Pvt Ltd,Tamilnadu,Madurai,"609, K.K.Nagar, Madurai-625020",625020
19,A.U.S. Clinic & Lithotripsy Centre,Maharashtra,Mumbai,"Arun Chambers, Tardeo, Mumbai-400034Tardeo",400034
20,A.V. Hospitals,Tamilnadu,Chennai,"# 172, Solaiappan Street, Tondirepet (North Chennai) Near Maharani Theatre",600021
21,A.V.Da Costa Hospital,Goa,Margao,"No.P-602,Fatorda,Next To Fatorda Stadium,Salcete,",403602
22,A.V.M. Hospital A.V.M.M. Associates (P) Ltd,Tamilnadu,Tuticorin,"# 135, Palayamkottai Roadtuticorin",628003
23,Aabu Tayshete Memorial Hospital,Maharashtra,Sindhudurga,"Behind Hotel Sahyadri Kankavlisindhudurga, Maharashtra.",416602
24,Aadhar Hospital,Karnataka,Belgaum,"Court Road,Chavatgalli",590002
25,Aadithya Adhikari Hospital,Karnataka,Mysore,"#417, Contour Road,3Rd Stage Gokulaum, Mysore-570002",570002
26,Aaditya Hospital,Maharashtra,Sangli,Main Chowk Vishrambag,416415
27,Aadya Ent Hospital,Gujarat,Ahmedabad,"Shivam Complex, Janata Chamber, Saijpur Tower.",380045
28,Aadya Eye Hospital,Gujarat,Ahmedabad,"Near Saijpur Tower, Janata Market.",380045
29,Aagman Hospital,Gujarat,Rajkot,Madhav Vatika Raiya Road.,360007
30,Aakar Hospital,Gujarat,Rajkot,"Virani School Chowk,Opp Punjab Bank,Ramkrishna Nagar Main Road,",360002
31,Aakash Eye Hospital,Gujarat,Mehsana,"A 19-20,Suraksha Society,Near B.Ed.College,Visnagar,Shivmarket",384315
32,Aakash Hospital,Delhi,Delhi,"90/43, Malviya Nagar, New Delhi",110017
33,Aakash Hospital,Tamilnadu,Chennai,"# 393/1, T.H. Road, (Annexe) 393/1, Tiruvottiyur.Tiruvallur",600019
34,Aakashdeep Hospital,Maharashtra,Koparkhairane,"# 98, Sector-7, Koperkhairna,Navi Mumbai-400709.",400709
35,Aalok Ortho Care,Gujarat,Ahmedabad,"#8, Vidhyavihar Colony, Opp Hotel Fortune Lankmark, Usmanpura, Ahmedabad, Gujarat",380014
36,Aarif Nursing Home,Andhra Pradesh,Vizag,"Lakshmi Street,Near Income Tax Office",530020
37,Aarogya Hospital (A Unit Of Kastura Medicos Limited,Uttar Pradesh,Vaishali,"Plot No-Nh-1, Sec-6, Vaishali, Ghaziabad, Uttar Pradesh",201010
38,Aarogyam Multispeciality Hospital,Maharashtra,Mumbai,"1St Floor, Renuka Bldg, Appo Mangala High School, Above Bank, Maharashtra, Mumbaimumbai",400603
39,Aarthi Hospital,Tamilnadu,Tirunelveli,"60,Santhaipettai Street",628502
40,Aarthy Eye Hospital,Tamilnadu,Karur,"#16, Sengunthapuram Main Road, Karur.",639002
41,Aaruni Hospital Pvt Ltd,Gujarat,Rajkot,"Next To Holy Saint School,Kalawad Road",360001
42,Aaryan Institute Of Medical Sciences,Gujarat,Kutch,"Navanaka,Mandvi,Near Opp Sawmi Narayana Mandir",370465
43,Aasha Hospitals,Andhra Pradesh,Ananthapur,"7-201,Court Road,Anantapur",515001
44,Aashirwad Hospital,Haryana,Gurgaon,"G-121, Oriental Villa, Sushant Lok-Iii, Sector-57.",125001
45,Aashirwad Hospital,Maharashtra,Thane,"Om Shraddha Tower, Above Tdcc Bank Pune Link Road, Tisgaon, Kalyan Est, Thane.",421306
46,Aashirwad Nursing Home,Maharashtra,Mumbai,"Ashirwad, Swami Samarth Nagar, 2Nd Cross Lane, Lokhandwala Complex, Andheri West",400053
47,Aashirwad Nursing Home & Iccu,Maharashtra,Mumbai,"A3, New Green Apartments,Tilak Chowk, Turel Pakhadi Roa",400064
48,Aashirwad Nursing Home (Heart And Diabetes Center),Delhi,New Delhi,"A-29/3, Lions Enclave, Marble Block, Vikas Nagar, Uttam Nagar, New Delhi-110059",110059
49,Aashlok Nursing Home Pvt Ltd,Delhi,Delhi,"#25A, Block-Ab, Community Centre,Safdarjung Enclave, Newdelhi-110029",110029
50,Aastha Eye Centre,Haryana,Faridabad,"5-R/5 N.I.T, Near Neelam Petrol Pump, Faridabad-121001",121001
51,Aastha Hospital,Delhi,Delhi,"L-2/50, New Mahavir Nagar Outer Ring Road Near Janakpuri Dist Centre",110018
52,Aastha Hospital,Maharashtra,Thane,"No.104,New Krishna Housing Society,Near Dhuri Motors,Ambadi Road,Vasai(W),Thane,",401202
53,Aastha Hospital,Maharashtra,Ulhasnagar,Hospital Area Ulhasnagar -3Thane,421003
54,Aastha Kidney & Multispecialty Hospital,Rajasthan,Sriganganagar,"2-D-1, Sukhadia Nagar, Sri Ganganagar, Rajasthan",335001
55,Aayush Eye Clinic,Maharashtra,Mumbai,"201, Coral Classic,20Th Road.",400071
56,Aayushmaan Hospital,Uttar Pradesh,Bijnor,Kiratpur Road,246701
57,Aayushman The Family Hospital,Andhra Pradesh,Kurnool,"D.No.45/145A1,Venkataramana Colony",518003
58,Abc Hospitals,Andhra Pradesh,Visakhapatnam,"#16-1-13, Kgh To Beach Down, Opp. Coastal Battery, Maharanipeta, Visakhapatnam, Visakha, Andhrapradesh-530002",530002
59,Abdul Khadir Hospital,Tamilnadu,Nagercoil,"Parakkai Road,Elankadai,Kottar",629002
60,Abha Nursing Home (P) Ltd,Uttar Pradesh,Kanpur,"10/503-B, Allengami, Kanpur",208002
61,Abhaya Critical Care,Andhra Pradesh,Vizag,"18-1-34, Opp. K.G.H. Gatemaharanipeta,",530002
62,Abhaya Emergency Centre Sri Hospitals,Andhra Pradesh,Rajamundry,"79-1-4/1, J.N. Road",533103
63,Abhaya Eye Hospital,Karnataka,Bangalore,"#77,Bsk 3Rd Stage, 100Ft Ring Road,5Th Block.",560085
64,Abhaya Hospital,Karnataka,Belthangady,"1-78D, Jainpeta, Belthangaby, Dakshina Kannada, Karnataka",574214
65,Abhaya Hospital (Neuropsychiatry & Critical Care Hospital Pvt Ltd),Karnataka,Bangalore,"17, Dr.M.H.Mari Gowda Road,Wilson Garden,Bangalore",560027
66,Abhaya- Bbc Children Hospital,Andhra Pradesh,Hyderabad,"Hindi Maha Vidyalaya Complex, O.U. Road, Vidya Nagar.",500044
67,Abhi Sai Hospitals,Andhra Pradesh,Miryalaguda,"Doctor'S Colony,Miryalguda",508207
68,Abhijay Hospital (P) Ltd.,Tamilnadu,Chennai,"No.22/2, E.S.I Hospital Road,Peravallur,",600011
69,Abhijit Hospital,Maharashtra,Mumbai,Divya Trusha Mamlatdar Wadiroad Malad (West),400064
70,Abhilash Hospital & Sara Rehabilitation Centre,Karnataka,Bangalore,"#271, 1Ooft Ring Road, 5Th Block,3Rd Phase, 3Rd Stage,Banashankri.",560085
71,Abhilasha Hospital,Punjab,Chandigarh,House No 201 Sector 35 A,160022
72,Abhinandan Hospital,Bihar,Patna,"0/60, Doctors Colony, Kankar Baga",800020
73,Abhinav Drishti Eye Hospital,Uttar Pradesh,Lucknow,"B-719, Sector-C, Mahanagar Lucknow",226006
74,Abhinav Multispeciality Hospital,Maharashtra,Nagpur,"Naya Nakasha, Lashkari Bagh.",440017
75,Abhiram Institute Of Medical Sciences,Andhra Pradesh,Nellore,"Opp Aps Rtc Depot, Atmakur, Nellore",524322
76,Abhishek Nethradhama,Karnataka,Bangalore,"Mosque Complex, Opp Rajkamar Talkies, Fort Road,",561203
77,Abhishek Nursing Home (L.P.Diagnostics Pvt. Ltd.),Maharashtra,Mumbai,"Jagruti Co-Op.Soci Bhatwadi,Ghatkopm- (W), Mumbai - 400084Near Maratha Mandir,Co-Op Bank",400084
78,Abinand Hospital,Tamilnadu,Coimbatore,"237-F/7, Pollachi Main Road,Sundarapuram, Coimbatore",641024
79,Abiraami Hospital,Tamilnadu,Cuddalore,"24-Alc,Campus,Manjakuppam",607001
80,Acchutha Eye Care,Tamilnadu,Erode,"#H-3, Evn Road, Permar Nagar, Near Surampatti Nall Road, Erode-638009",638009
81,Accident Fracture And Orthopedic Hospital,Gujarat,Gandhinagar,"Near Green Park Dunetha Road , Nani Daman, Gandhinagar, Gujarat-382010",382010
82,Ace Heart & Vascular Institute. (A Unit Of Prime Cardiac Care Pvt. Ltd.),Punjab,Mohali,"Sector-69,Shivalik Hospital",160055
83,Acharya Shri Chander College Of Medical Sciences & Hospital,Jammu & Kashmir,Jammu,"P.B # 5, Hpo Gandhi Nagar,Jammu-180017.",180017
84,Acharya Tulsi Jain Hospital,Karnataka,Bangalore,"Mom(M)W6-P-6,#22/2-1,6Th Cross,K.N Extension",560022
85,Acharya Vinoba Bhave Rural Hospital,Maharashtra,Wardha,"Yavatmal Road,Sawangi (Meghe)Wardha-442004.",442004
86,Achyut Pandit Hospital,Karnataka,Karwar,"Kumbeswar Temple Road,Kumta",581343
87,Action Cancer Hospital,Delhi,Delhi,"H-2/Fc-34,A4 Pashim Vihar",110063
88,Acura Health Care Pvt Ltd,Karnataka,Bangalore,"#435,18Th Main,Koramangala 6Th Block(Near Ndoor Stadium)",560095
89,Adarsh Hospital,Andhra Pradesh,Eastgodavari,"86-26-5, V.L. Puram Jn, M.S. Narayana Street, Rajahmundry-533107",533103
90,Adarsh Hospital,Gujarat,Surat,"16-23, Suryakiran Appartments,Ghoddod Road, Surat-395007.",395007
91,Adarsh Hospital,Maharashtra,Mumbai,"Meenakshi Apartments,C - Wing, 1St Floor, Marve Road,Maladmalad (W)",400064
92,Adarsh Hospital,Maharashtra,Pune,"Sn 11/12,Kondhwa Budruk,Near Katraj Khondwa Road,Near Kaveri Apartments",411048
93,Adarsh Nursing Home,Karnataka,Bellary,"Gopalswamy Road,Gandhinagar",583103
94,Adarsha Hospital,Karnataka,Kundapur,"# 274/Vi, N.H. # 17, Kundapura, Udapi-576201Udupi- 576201",576201
95,Adarsha Hospital Udupi,Karnataka,Udupi,"Near K.S.R.T.C Bus Stand, Udupi",576101
96,Adarsha Nethralayam,Andhra Pradesh,Warangal,"9-5-53, Mandibazar, Warangal, A.P",506002
97,Adarsha Nursing Home,Karnataka,Tumkur,Sharadadevi Nagaropp Mg Stadium,572103
98,Adavally Damodar Reddy Memorial Hospital,Andhra Pradesh,Himayatnagar,"3-97, Sharadanagar, Ramanthapur,Ranfa Reddy.",500013
99,Add Hospital Pvt Ltd,Orissa,Cuttack,Junus Patna College Square,753003
100,Adesh Hospital & Research Centre,Punjab,Muktsar,Kotkapura Road Sri Muktsar Sahibmuktsar,152026
101,Adichunchanagiri Hospital & Research,Karnataka,Mandya,"Balagangadharanatha Nagara, Nagamangala Taluk, Mandya Dist, Mandya-571448Nagamangala Taluk, Mandya Dist",571448
102,Adilakshmi Nursing Home,Andhra Pradesh,Guntur,"G.B.C. Raod, Ponnur.",522124
103,Adinath Hospital,Uttar Pradesh,Ghaziabad,Plot No 330 Gyan Khand 1 Indirapuram Ghaziabad,201010
104,Adithi Maternity And General Nursing Home,Karnataka,Bangalore,"#78,Omkarnagar, B.G. Road.",560076
105,Adithya Nursing Home,Karnataka,Ramanagaram,57 Opp Junior College Ramanagaram,571511
106,Adithya Speciality Hospital,Tamilnadu,Madurai,"277, G.S.T Main Road, Near Harveypatty Bus Stop, Thirunagar, Madurai - 625006",625006
107,Aditi Hosptial,Karnataka,Bangalore,"Gandhi Square Newpet,Anekal",562106
108,Aditi Medical Centre,Uttar Pradesh,Ghaziabad,"Sector-4, Plot No-117, Near Ramlila Ground.",201012
109,Adittya Eye Clinic,Maharashtra,Mumbai,"M.G.Road, Ronik Apts, 1St Floor,Kandival(W)",400067
110,Aditya Care Hospital,Orissa,Khurda,"329/1929(P),Chandrasekharpur,Khurdha",751014
111,Aditya Diagnostics & Hospitals (A Unit Of Dr. N. Sahewalla & Co Pvt. Ltd),Assam,Dibrugarh,"AMC Road, Bordoloi Avenue, Dibrugarl Dist, Assam-786005.",786005
112,Aditya Eye Clinic And Contact Lens Centre,Maharashtra,Pune,"Office # 1A,Kumar Plaza,M.G.Road,",411001
113,Aditya Eye Hospital,Kerala,Ernakulam,"Judge Mukku, Thrikkakara, Kochi-682021",682021
114,Aditya Health Research Foundation (P) Ltd,West Bengal,Kolkata,"965, Jessore Road, Dumdum,Kolkata",700055
115,Aditya Hospital,Andhra Pradesh,Hyderabad,"#4-1-16, Boggulakunta, Tilak Road, Adids, Hyderbad-500001Abids",500001
116,Aditya Hospital,Tamilnadu,Chennai,"No.7, Barnbay Road, Kilpauk, Chennai-600010",600010
117,Aditya Jyot Eye Hospital (P) Ltd.,Maharashtra,Mumbai,"Plot # 153,Mojar Parmeshwaranroad (Opp) Siws Collage Gate #",400031
118,Aditya Medical Park (A Unit Of Aditya Health Research Foundation Pvt Ltd),West Bengal,Kolkata,"Taki Road, Kadambagachi, Barasat, 24 Parganas (N)Barasat-700124",700124
119,Aditya Multi Care Hospital,Andhra Pradesh,Visakhapatnam,"18-1-33, Opp. K.G.H.O.P Gate, Aditya Medical Complex, Vishkhapatnam-530002",530002
120,Aditya Multispeciality Hospital,Andhra Pradesh,Warangal,"Opp: Police Parade Grounds,Hanamkanda,Kishanpura.",506001
121,Aditya Netralaya,Karnataka,Bangalore,"#244, 7Th Cross 6 Block 3 Puase 3Block Banashankari, Bangalore-560085",560085
122,Aditya Nursing Home,Andhra Pradesh,Kurnool,"No.1/541-135,Aas College Road,Adoni,",518302
123,Aditya Nursing Home,Madhya Pradesh,Indore,"#315, Usha Nagar Extension.",452009
124,Aditya Orthopaedic & Trauma Centre,Karnataka,Tumkur,"Sri Shivakumar Swamy Circle, Bh Raod Tumkur-2",572102
125,Aditya Orthopaedic Hospital,Gujarat,Ahmedabad,"#201,202,Aditya Plaza,Jodhpur Road,Satellite",380015
126,Adityaj Hospital,Punjab,Mohali,"S.C.O.18,(F.F),Phase-1,S.A.S,Nagar",160055
127,Adiva Hospital Pvt. Ltd.,Delhi,Delhi,C- 1/C Green Park Ext,110017
128,Adr Hospital,Andhra Pradesh,Hyderabad,"H.No. 4-112/1, Anand Bagh, Malkajgiri, Hyderabad-500047",500047
129,Advance Mother And Child Care Center,Punjab,Mohali,"#67, Kalgidhar Enclave, Near Shiv Mandir, Hdfc Bank, Baltana, Zirakpur, Mohali, Punjab",140604
130,"Advanced Neurology & Superspeciality Hospital, Jaipur",Rajasthan,Jaipur,"D-358, Brain Tower, Malviyanagar, Jaipur-302017",302017
131,Adventist Wockardt Heart Hospital,Gujarat,Surat,24 Athwalines Surat,395006
132,Adyar P.M. Hospital,Tamilnadu,Chennai,"# 58, L.B. Road, Adyar, Chennai-600020Chennai",600020
133,Aeinullah Eye Hospital,Karnataka,Bangalore,"#90, Austin Town Layout, Near B.D.A Shopping Complex.",560047
134,Agadi Hospital & Research Centre,Karnataka,Bangalore,"35, H Siddhaiah Road, Wilson Garden, Bangalore-560027Wilson Garden",560017
135,Agarwal Maternity & General Hospital,Maharashtra,Pune,"S/N.45/1,2 & 5,Sangarsh Chowk,Kharadi Road,Chandannagar,",411014
136,Agarwal Medical Centre,Delhi,Delhi,"E-234, Greater Kailash, Delhi-110048",110048
137,Agarwal Nursing Home,Haryana,Kurukshetra,"Salarpur Road, Kurukshetra, Haryana",136118
138,Agarwal Nursing Home,Maharashtra,Mumbai,"4Th Floor,Shanti Centre, Plot # 8,Sec-17,Vashi,Navi Mumbai,Vashi, Navi Mumbai-400703",400703
139,Agash Nursing Home,Tamilnadu,Chennai,"#234, G.S.T. Road, Chromepet",600044
140,Aggarwal Eye Hospital,Maharashtra,Mumbai,"No.102/5,Ketayan Mansion,Shahaji Raje Marg,Koldongri,Andheri(E),Sahaje Raje Marg, Koldongri,",400069
141,Aggarwal Medical Centre,Haryana,Faridabad,"Jiwan Nagar, Gaunchi, Sector-55. Haryana , Faridabad",121004
142,Aggarwal Nursing Home,Delhi,Delhi,"2528/192,Tri Nagar,Tota Ram Bazar",110035
143,Agile Hospital Pvt. Ltd,Assam,Guwahati,"Tripura Road, Jayanagar Chariali, Guwahati, Kamrup, Assam, Opposite Sbi, Iibm Branch.",781022
144,Agrawal Clinic Surgical & General Hospital With Icu,Maharashtra,Mumbai,"49, Daftary Road, Malad (East), Mumbai, Maharashtra, Opp. Subhash Lane.",400097
145,Agrawal Eye Hospital,Uttar Pradesh,Meerut,61 Shivaji Road Near Nas College,250001
146,Agrawal Eye Hospital,Maharashtra,Mumbai,"1St Floor, Maharaja Apartment, Opp. Tel. Exchange, S.V. Road, Malad (West) Mumbai-400064",400064
147,Agrawal Eye Institute,Delhi,Delhi,"A-235,Shivalik,Malviya Nagar",110017
148,Agrawal Hospital,Gujarat,Patan,"5Th Lane,First Floor,Kilachand Centre,Station Road",384265
149,Agrawal Hospital,Madhya Pradesh,Bhopal,"E-3/15, Opp Habibganj Railway Stn, Arera Colony, Bopal,Mp-462016",462016
150,Agrawal Hospital (A Unit Of Agrawal Institute Of Medical Sciences Pvt,Chattisgarh,Raipur,"Near Rajkumar College, G.E. Road.",492001
151,Agrawal Nursing Home,Maharashtra,Mumbai,"Bombay Market, St.Road, Bhayander West,Bhayander, Thane",401104
152,Ahalia Foundation Eye Hospital,Kerala,Palakkad,"1/1053, Elappully.",678557
153,Ahalya Nursing Home,Andhra Pradesh,Guntur,"Back Side Sivaayam Temple, Kothapet, Guntur, Andhra Pradesh-522002.",522002
154,Ahalyadevi Nursing Home,Andhra Pradesh,Nellore,"16-1-712, Near Nehru State, Trunk Road.",524003
155,Ahirkar Hospital,Maharashtra,Bhiwandi,"Near Ratan Cinema Narpoli,Bhiwandi,Thane",421302
156,Ahmed Hospital,Haryana,Gurgaon,"Sector-15,Part-2.",122001
157,Ahmed Hospitals,Jammu & Kashmir,Srinagar,"Gulshan Nagar,Byepass,Nowgam",190008
158,Ahooja Eye & Dental Institute,Haryana,Gurgaon,"560/1, Dayanand Coloney, New Railway Road",122001
159,Ahuja Nursing Home & Polyclinic,Maharashtra,Ulhasnagar,"Furniture Bazar,Ulhas Nagar,Dass Chambers,1St Floor",421002
160,Aisha Memorial Hospital (Tsunami Project Only),Kerala,Manacaud,"Paruthikuzhy, Manacaud",695009
161,Ajani Hospital,Gujarat,Patan,"Sidharaj Jaysingh Marg, Sidhpur",384151
162,Ajanta Hospital & Ivf Centre Pvt Ltd,Uttar Pradesh,Lucknow,"#765, Near Krishna Cinema, Kanpur Road, Alambagh.",226005
163,Ajay Hospital,Uttar Pradesh,Meerut,"Bhopal Vihar, Garh Road, (Near -Radha Govind Engineering College), Meerut, Uttar Pradesh",250004
164,Ajay Medical Centre,Karnataka,Chellakere,Near Bus Stand Chellakere,577522
165,Ajay Pratima Hospital,Uttar Pradesh,Bareilly,"57, Brijlok, Near Prem Nagar Dharam Kanta Bareilly",243005
166,Ajit Surgical & Maternity Home,Karnataka,Belgaum,"Chikkodi Road,Raibag",591317
167,Ajmer Hospital,Rajasthan,Ajmer,"# 158/X,Civil Lanes, Ajmer-305006.",305006
168,Ajwani Eye Hospital Pvt. Ltd.,Madhya Pradesh,Bhopal,"# 115, Berasia Road, Bh0Pal Sindhi Colony, Bhopal-462018",462018
169,Ak Hospital,Tamilnadu,Chennai,"360 Poonamallee High Road,Junction Of Ph Rd &",600029
170,Akanksha Maternity & Surgical Hospital,Maharashtra,Mumbai,"6, Manish Tower, Manish Nagar, J P Road, Ahdheri(W)J.P. Road, Andheri (W)",400053
171,Akansha Orthopedic Centre,Rajasthan,Kota,"5-A-2, Vigyan Nagar.",324005
172,Akar Hospital,Gujarat,Rajkot,"Ramkrishna Nagar Main Road, Virani School Chowk.",360002
173,Akilesh Orthopaedics Hospitals,Tamilnadu,Coimbatore,"95-97, Sasthiri Road, Rammagar.",641009
174,Akira Eye Hospital,Andhra Pradesh,Eastgodavari,"Aryapuram,Rajahmundry",533104
175,Akshar Eye Hospital,Gujarat,Ahmedabad,"Kandhari Apartment, Opp S.T. Work Shop,Patia, Naroda Road.",382340
176,Akshar Surgical Hospital,Gujarat,Ahmedabad,"2Nd Floor, Vidita Avenue, Near Jayhind,Char Rasta, Maninagar.",380008
177,Akshardeep Orthopaedic Hospital,Gujarat,Ahmedabad,"2Nd Floor, Shubh Complex, Near Rajasthan Hospital, Shahibaugnr. Rajasthan Hospital,",380004
178,Akshare Eye Foundation,Karnataka,Tumkur,"#6052 Railway Station Road,Opp Town Hall",572102
179,Akshay Eye Clinic,Maharashtra,Raigad,"#842,Mahatma Gandhi Road,Panvel",410206
180,Akshay Hospital,Chattisgarh,Korba,"M.P. Nagar,",495681
181,Akshay Hospital,Karnataka,Tumkur,"2Nd Cross, Ashoknagar",572102
182,Akshay Mallya Hospital,Karnataka,Bangalore,"Varthur Main Road,Marathalli",560037
183,Akshay Medical Foundation,Maharashtra,Pune,"204/G Ward,Mg Roadlonawala",410401
184,Akshaya Care Multi Speciality Hospital,Andhra Pradesh,Secunderabad,"#11-3-267/13, Near Raghava Gardens, Madhura Nagar, Srinivasanagar, Parsigutta,",500061
185,Akshaya Heart Hospital,Madhya Pradesh,Bhopal,"Rishi Nagar, Char Imli, Opp Ekant Park.Bhopal, Madhya Pradesh",462016
186,Akshaya Nethralaya,Karnataka,Bangalore,"#227/A,Vidyagiri Layout N Exit O Axis Bank Nagarbhavi Circle,Bangalore",560072
187,Akshaya Nursing Home,Karnataka,Kolar,"3Dr Cross Gowripet, Kolar",563101
188,Akshayjyot Eye Hospial,Maharashtra,Buldana,"Yashowardhan,Mutthe Layout.",443001
189,Akshi Eye Care Centre,Uttar Pradesh,Kanpur,"2/344-A, Azad Nagar,Kanpur-200002.",200002
190,Akshitha Hospitals,Andhra Pradesh,Shamshabad,"H.No.11-32/6,Mahavir Enclave Phase-Ii,Shashabad",501218
191,Al Salama Eye Hospital,Kerala,Kozhicode,Arayidathu Palam Jn By Pass Road Kozhikode,673004
192,Al Salama Eye Hospital Ltd,Kerala,Malapuram,"55/5,Hospital Road,Perinthalmanna,Malapuram",679322
193,Al Shifa Hospital Pvt Ltd,Kerala,Malapuram,"Pb No. 26, Ooty Road Perintalmannaooty Road",679322
194,Al-Arif Hospital,Kerala,Trivandrum,"Tc-48/659,Ambalathara,Poonthura Post,Near Milma Diary",695026
195,Alam Hospital & Research Centre,Jharkhand,Ranchi,"Booty Road, Bariatu.",834009
196,Alapati Nursing Home,Andhra Pradesh,Tenali,"Gopalreddy Street, Ganganammapet.",522201
197,Alatkar Hospital,Maharashtra,Pune,"Bhosale Garden,Opp 111 Bus Stop,Pune Solapur Road",411028
198,Alchemist Hospitals Ltd,Haryana,Panchkula,"Sector 21,Near Main Market",134112
199,Alchemist Institute Of Medical Science,Haryana,Gurgaon,Sector 53 Saraswatikunj Dlf Golf Course Road Gurgaon,122001
200,Alexander Eye Centre,Kerala,Cochin,"34/629A,A1,B,",682024
201,Alhat Nursing Home,Maharashtra,Pune,"Hira-Ratan Plaza,Pune Nashik Highway Pmt Chowk,Bhosari",411039
202,All Asia Medical Institute (A Unit Of Harsh Medical Centre Pvt Ltd).,West Bengal,Kolkata,8B Garcha First Lane,700019
203,Alled Hospital Limited (Tsunami Project Only),Kerala,Kunnamkulam,"2/333,Guruvayoor Road,",680521
204,Alliance Hospital,Uttar Pradesh,Varanasi,"C-20/1-73,Ramakant Nagar Colony, Varanasi, Uttar Pradesh",221010
205,Alluri Sitarama Raju Academy Of Medical Sciences,Andhra Pradesh,Eluru,"Malkapuram, Eluru Nh-5, Malkapuram.",534004
206,Almas Hospital,Kerala,Malapuram,"Changuvetty,Kottakal,Malappuram,",676503
207,Alok Hospital,Rajasthan,Kota,"1-A-5, Sheela Choudhary Road",324005
208,Alpha Ent Head And Neck Research Institute And Hospital,Kerala,Ernakulam,"Opp To Bsnl Tower,Deshabhimani Road,Kaloor,Ernakulam",682017
209,Alpha Medical Services (Pvt) Ltd,West Bengal,Kolkata,"21/1, Dobson Road Howrahmaulana Abul Kalam Azad Rd",711101
210,Alpha Medical Services Pvt Ltd,West Bengal,Kolkata,"#13, Lalalajpat Rai Sarani Elgin Road.",700020
211,Alpha Super Speciality Hospital,Andhra Pradesh,Hyderabad,"23-1-863. Bsides Mch Swimming Pool, Moghalpura.",500024
212,Alphonsa Hospital,Kerala,Ernakulam,"Chruch,Karukutty",683576
213,Alps Hospital (Max Hospital),Haryana,Gurgaon,"Block B, Sushant Lok Phase-1,Next To Park Plaza Hotel",122001
214,Altec Laser & Superspeciality Hospital,Punjab,Amritsar,B-2 Ranjit Avenue Amritsar,143001
215,Altius Healthcare Pvt Ltd,Delhi,Delhi,"A-6, Pushpanjali Enclave,Pitampurapithampura New Delhi",110034
216,Altius Healthcare Pvt Ltd,Delhi,Delhi,"#1,Gulshan Park, Main Rohtak Road, Mangloi-110041",110041
217,Alva Hospital Pvt Ltd,Tamilnadu,Pollachi,"74/A2, Meenkarai Road,Pollachi Coimbatore",642013
218,Amala Cancer Hospital & Research Centre,Kerala,Trichur,"Amalanagar, Trissur,Kerala-680555.",680555
219,Amar Leela Hospital (P) Ltd,Delhi,Delhi,"B-1/6, Janak Puri,Main Najafgarh Roadmain Najafgarh Road,",110058
220,Amar Medical & Research Centre,Rajasthan,Jaipur,"Kiran Path,Mansarover",302020
221,Amar Orthopaedic Hospital,Andhra Pradesh,Guntur,"13-2-12, 1St Line Gunturuvari Thota, Guntur-522001",522001
222,Amaravathi Hospital,Tamilnadu,Karur,"#74, Ramanujam Nagar, Kovai Road, Karur, Tamilnadu.",639002
223,Amaravathi Institute Of Medical Sciences Pvt Ltd,Andhra Pradesh,Guntur,"Old Club Road, Kothapeta.Oldclub Road Guntur",522001
224,Amarawati Hospital,Haryana,Gurgaon,"Saraswati Enclave Near Power House, Opp. Sec. 10A, Gurgaon-122001, Haryana",122001
225,Amardeep Eye Care,Kerala,Thiruvananthapuram,"Tc 5/608, Gnp.2, Nalini Vilas, Thiruvananthapuram, Kerala",695005
226,Amardeep Nursing Home,Maharashtra,Thane,"101 Ratna Tarang, Old Nagardas Road, Andheri (E)Old Nagardas Road,Andheri (E)",400069
227,Ambaa Hospitals,Andhra Pradesh,Hyderabad,"#9-1-29/23,Opp To Pratap Theatre,Lunger House",500008
228,Ambay Hospital,Uttar Pradesh,Ghaziabad,"1, Lajpat Nagar, Near St. Thomas School.",201005
229,Ambika Hospital,Maharashtra,Solapur,"Murarji Peth, Solapur-413002.",413002
230,Amee Deep Hospital,Gujarat,Baroda,"Gf-12, Narsinhadham Complex, Opp Sangam Bus Stop, Harni Road.",390022
231,American Oncology Institute (A Unit Of Cancer Treatment Services Hyderabad Pvt. Ltd.),Andhra Pradesh,Hyderabad,"No. 1-111/4/B/104, Flat No. B-104, Kondapur, Kothaguda Post, Hyderabad, Andhra Pradesh",500084
232,Amijeet Maternity Hospital,Gujarat,Ahmedabad,"A/4, Shantram Complex, Near Nirnaynagar Garnala.",382481
233,Amin Maternity And Nursing Home,Gujarat,Ahmedabad,"17, Manipushp Society, Opp:Sarathi-2, B/H Goyal Intercitynr. Surdhara Circle",380054
234,Amit Hospital,Orissa,Berhamapur,"Canal Street, Near Radhakrishna & Kuthari Temples Street,Berhampur",760001
235,Amit Jaggi Memorial Hospital,Uttar Pradesh,Agra,"Sector-1, Vibhav Nagar,Agra-282001.",282001
236,Amit Nursing Home,Delhi,Delhi,"A-3 Manak Vihar Ext,Tihar,Tihar",110018
237,Amma Children'S Hospital,Andhra Pradesh,Guntur,"No.137-7-109/D, Old Club Road, Gunturvari Thota, Guntur-522001",522001
238,Amma Hospital,Andhra Pradesh,Vijayawada,"9-64-2,Syed Gulab Street,Kothapet",520001
239,Amma Hospital,Karnataka,Anekal,"32/515,Near Sri Rama Temple",562106
240,Amma Hospital,Tamilnadu,Chennai,"# 1, Sowrastra Nagar7Th Street, Chennai",600094
241,Amma Hospital,Tamilnadu,Krishnagiri,"Bangalore Road, Hosur Town",635109
242,Ammayi Eye Hospital,Tamilnadu,Chennai,"New # 80, 7Th Avenue, Ashoknagar, Chennai-600083",600083
243,Amri Hospitals Ltd,West Bengal,Kolkata,"Jc 16 & 17, Salt Lake City, Sector - Iii, Annexe Build. Kb 24, Salt Lake City, Sector - Iii, Kolkata",700098
244,Amri Medical Center,West Bengal,Kolkata,"97A, Southern Avenue, Opp To Lake Stadium, Kolkata-700029",700029
245,Amrik Nethralaya,Karnataka,Bangalore,"#346, Hrbr 1St Kalyan Nagar,4Th Cross, 7Th B Main.",560043
246,Amrit Medicare Pvt Ltd,Tamilnadu,Chennai,"No.310,Mint Street,Near Sowcarpet, Chennai-600079",600079
247,Amritdhara Hospital Pvt Ltd,Haryana,Karnal,"Chaura Bazar,Near City Police Station",132001
248,Amritsar Hospital,Punjab,Amritsar,100 Ft Road East Mohan Nagar,143001
249,Amrut Hospital & Endoscopy Clinic,Maharashtra,Mumbai,"Dr. Rajendra Prasad Road, Tilak Nagar, Dombivali(E), Thane, Maharashtra",421201
250,Amruth Hospital,Karnataka,Davangere,"#1643, Opp:K.E.B.Office, Vidyarthi Bhavan, Davangere",577003
251,Amrutha Heart Hospital,Andhra Pradesh,Ongole,60 Feet Road Satyanarayanapuramsatyanarayanpuram,523002
252,Amrutha Hospital,Karnataka,Bangalore,# 1 Near Water Tank Jakkur Main Road Amruthahalli Bangalore 560092,560092
253,Amrutha Nursing Home,Andhra Pradesh,Karimnagar,"3-3-168,Savaran Street,Besides Civil Hospital,Karimnagar",505001
254,Amrutha Nursing Home Private Limited,Andhra Pradesh,Gajuwaka,"D.No.10-7-85,Kailash Nagar,Gajuwaka.Gajuwaka",530026
255,Amudha Poly Clinic And Hospital,Tamilnadu,Erode,"101,Athani Road,Sathyamangalam,Erode",638401
256,Amulya Jyoti Eye Foundation,West Bengal,Kolkata,"#105,Manoharpukur Road,",700029
257,Amulya Nursing Home,Andhra Pradesh,Guntur,"Guntur Road, Narasaraopet.",522601
258,Anadiyil Hospital,Kerala,Trivandrum,"Thekkummood Junction, Trivandrm.",695037
259,Anamay Eye Hospital,Gujarat,Ahmedabad,Off.C.G.Road Nr President Hotel Opp. Mahalya Builldingnavrangpura,380009
260,Anamaya Nursing Home,Maharashtra,Pune,"Sn48/1B/5-Gokulnagar,Katraj Kondhwa Road,Kondhawa Budruk",411048
261,Anand Eye Institute Private Limited,Andhra Pradesh,Hyderabad,"4Th Floor,Rata Tycoon,Tarnaka",500017
262,Anand Health Care Ltd,Delhi,Delhi,"21,Community Centre, Preet Viharpreet Vihar",110092
263,Anand Hospital,Delhi,Delhi,"B-52, New Krishna Park, Dholi Piao, Vikas Puri.",110018
264,Anand Hospital,Uttar Pradesh,Allahabad,"11/17 Kasturba Gandhi Marg , Up, Allahabad Muir Road",211001
265,Anand Hospital,Tamilnadu,Chennai,"201, Kamaraj Salai,Manali,Chennaimanali",600068
266,Anand Hospital,Maharashtra,Jamkhed,"Nagar Road, Near S.T Stand,Ahemdnagar",413201
267,Anand Hospital,Maharashtra,Pune,"Shrikrishnapalace,Sn 136,Near Malwadi Police Station Warje,Malwadi",411058
268,Anand Hospital,Maharashtra,Pune,"Balaji Tower,Mahatma Phule Chowke,Chakan",410501
269,Anand Hospital,Maharashtra,Pune,"Sector-26,Plot 113, Hutatma Chowk Pradhikaran, Nigdi Pune-411044",411044
270,Anand Hospital & Eye Centre,Rajasthan,Jaipur,"21, Bharat Mata Lane, Jamna Lal Bajaj Marg, C-Scheme, Jaipur-302001",302001
271,Anand Hospital & Navdeep Eye Centre,Haryana,Panipat,"No.105,Adarsh Nagar Near Head Post Office,",132103
272,Anand Hospital & Research Centre Pvt Ltd,Madhya Pradesh,Indore,"7, Sindhu Nagar, Bhanwarkua Main Road",452001
273,Anand Hospital (Multispeciality),Uttar Pradesh,Azamgarh,"Mukeriganj, Azamgarh, Uttar Pradesh",276001
274,Anand Hospitals,Tamilnadu,Tiruppur,"#97/54,Jg Nagar,2Nd Street,60 Feet Road,",641602
275,Anand Maternity & Nursing Home,Maharashtra,Mumbai,"Saregram Complex, New Link Rd,Dahison (E), Mumbai-400068.",400068
276,Anand Medical Centre,Haryana,Gurgaon,"# 171, Sector 56, Near Kendriya Vihar",122002
277,Anand Medical Foundation Subudh Hospital,Maharashtra,Pune,"145,Kothrod Near Shivaji Statue",411038
278,Anand Multispeciality Hospital,Gujarat,Ahmedabad,"Shubh Complex, Shahibuy, Near Rajsthan Hosptial.",380004
279,Anand Multispeciality Hospital,Gujarat,Ahmedabad,"N.H.8,Hirawati",382350
280,Anand Nirogdham Hospital Pvt Ltd,Uttar Pradesh,Meerut,"#A,1 Damodar Colony,Garh Road,",250004
281,Anand Nursing Home,Uttar Pradesh,Ghaziabad,"Kf-113, New Kavi Nagar.",201002
282,Anand Nursing Home,Maharashtra,Kolhapur,"#1758 B/1, Sakoli Corner, K Ward.",416012
283,Anand Nursing Home,Maharashtra,Mumbai,"Divya Sarjan, 1St Floor, 90 Ft Road, Ganesh Chowk,Charkop,Kandivali West",400067
284,Anand Surgical Hospital Ltd.,Gujarat,Ahmedabad,"5, Janta Chambers, Nr,Saijpur Towernr. Saijpur Tower",382345
285,Anandaloke Hospital & Neurosciences Centre,West Bengal,Siliguri,"2Nd Mile,Sevoke Road,",734001
286,Anande Hospital,Maharashtra,Pune,"Near Old R T O Office,Ramnagar, Chandrapur,Near Old R.T.O. Office.",442402
287,Anandlok Hospital,West Bengal,Kolkata,"Dk-713,Salt Lake City, Sector-Ii, Kolkata.",700091
288,Anandpara Surgical & General Hospital,Maharashtra,Mumbai,"Iqbal House, Rani Sati Marg Off.Pandit Socicitor Lane, Malad (East)Malad (E), Mumbai - 97",400097
289,Anandrishiji Hospital & Medical Research Centre,Maharashtra,Ahmednagar,"124, Anand Rishiji Marg",414001
290,Anant Nursing Home Pvt Ltd,Madhya Pradesh,Jabalpur,"Madan Mahal Station Road,Gate #3,Wright Town",482001
291,Anant Shree Hospital,Madhya Pradesh,Bhopal,"Indrapuri A- Sector, Opp. Bhel Gate # 1,Indrapuri",462021
292,Anantha Lakshmi Kidney & Multispeciality Hospital,Andhra Pradesh,Hyderabad,"H.No.3-9-10/4, Opp To Ramanathapur School, Ramanathapur, Hyderabad-500013",500013
293,Ananthapuri Hospital & Research Institute,Kerala,Trivandrum,"Tc 31/1424, Nh By Pass Road,Chacka ,Thirvvananthapuram,Kerala",695024
294,Ananya Hospital Pvt Ltd,Karnataka,Bangalore,"389/44, 19Th Main,Rajajinagarrajajinagar",560010
295,Anasuya Institute Of Medical Sciences,Andhra Pradesh,Nellore,"16/2/142,Hotel Venkataramana Lane,Pogathota",524001
296,Anbu Hospital,Tamilnadu,Madurai,"No.150/1,Kamarajar Salai,",625009
297,Anbu Hospital,Tamilnadu,Tanjore,"# 4,5, Lakshmivilas Street, Kumbakonam",612001
298,Andhra Hospitals,Andhra Pradesh,Vijayawada,"C.V.R Complex, Prakasamroad, Vijayawada",520002
299,Andhra Mahila Sabha,Tamilnadu,Chennai,"No.11 & 12, Dr.Durgabaideshmukh Road, R.A.Puram,",600028
300,Aneja Hospital & Nursing Home,Haryana,Ambala,"# 48, Mahesh Nagar Opp Water Tank",133001
301,Aneri Surgical & Neurosurgical Hospital,Gujarat,Ahmedabad,"1St Floor, Swami Narayan Complex.",380007
302,Angel Maternity & Nursing Home,West Bengal,Kolkata,"No.3,Komedan Bagan Lane,Near Jora Girja Corporation ,Garage On Ajc Bose Road,",700016
303,Anil Baghi Hospital,Punjab,Ferozepur,"Anil Baghi Road,Ferozepur City",152002
304,Anil Eye Hospital,Maharashtra,Mumbai,"1St Floor, Krishna Smirti, Phadke Road, Dombivli",421201
305,Anitha Nursing Home,Andhra Pradesh,Hyderabad,"No 9-1/3, Sri Ramanagara Colony, Near Uppal Bus Depot, Hyderabad-500098",500098
306,Anjakha Hospital,Tamilnadu,Kanchipuram,"#23,Medavakkam Main Road,Madipakkam",600091
307,Anjali Hospital,Gujarat,Nadiad,"Desai Vago,Nadiad",387001
308,Anjali Hospital,Maharashtra,Pune,#568-Dr.Ambedkar Chowk Opp Delux Cinema Pimpri,411017
309,Ankith Multispeciality Hospitals,Andhra Pradesh,Rangareddy,"Opp Bus Stand,Ibrahimpatnam,Sagar Road",501506
310,Ankur Hospital,Maharashtra,Mumbai,"1St Floor, Kalpatoru,Mathura Das Road,Kandivli (W)Mathuradas Rd, Kandivli (W)",400067
311,Ankur Maternity And Surgical Nursing Home,Maharashtra,Mumbai,"Shree Vijay Chs Ltd,Kanjur Marg East",400042
312,Ankur Nursing Home,Maharashtra,Thane,"Mohan Plaza, Main Road, Opposite Section, Ulhasnagar, Thane-421501",421501
313,Ankur Nursing Home & Pain Clinic,Maharashtra,Pune,"Ashirwad Complex Chindhwad Main Road, Bus Stop Kalewadi Road,Chinchwad",411033
314,Ankura Children'S Hospital ( A Unit Of Ankura Medical & Research Centre Pvt Ltd ),Andhra Pradesh,Kukatpally,"Near Geethejali School, 7Th Phase, Kphb Kukatpalli, Hyderabad",500072
315,Anmmol Orthovision,Maharashtra,Mumbai,"101-102,Manisha Heights,Balrajeshwar Road,Mulund West",400080
316,Annadaneshwara Hospital,Karnataka,Raichur,"Hahe Road, Sindhanur",584128
317,Annai Ent And Head & Neck Care Centre,Tamilnadu,Erode,"#12D,Palaniappa Street,Perundurai Road",638009
318,Annai Hospital,Tamilnadu,Kanyakumari,"5-82/1, Kurumbanai Road, Karungal, Kanyakumari, Tamilnadu",629157
319,Annai Velankanni Nursing Home,Tamilnadu,Tirunelveli,"Post Box No.107, Murugan Kurichi, Palayamkottai.",627002
320,Annamalai Hospital,Tamilnadu,Chennai,"# 27, Govindan Raod, West Mambalam, Near Srinivasa Theatre",600033
321,Annammal Hospital,Tamilnadu,Kuzhithurai,Kuzhithurai,629163
322,Annapoorna Hospital,Andhra Pradesh,Vizag,"47-9-32, 3Rd Lane, Dwarakanagar, Visakahpatnam-530016",530016
323,Annapoorna Orthopaedic & Speciality Hospital,Karnataka,Mysore,"#953, Kantaraj Urs Road, Lakshmipuram, Mysore-570004",570004
324,Annapurna Hospital,Karnataka,Chickmangalur,"K.M. Road, Chikmagalur",577101
325,Annapurna Hospital,Maharashtra,Kheda,"Mina Bazar,Kapadvanj City,",387620
326,Annapurna Laparoscopic Surgery And Trauma Care Center,Orissa,Bhubaneswar,"Plot No-2764/4805, Nageswar Tangi, Old Town, Bhubaneswar, Khurdur, Orissa",751002
327,Annapurna Multi Speciality Hospital,Karnataka,Gangavathi,"Sri Krishnadevaraya Marga-Gangavathi, Koppal Dist, Karnataka-583227, Near Bus Stand",583227
328,Annapurna Multispeciality Hospital,Andhra Pradesh,Gudivada,"10-165, Eluru Road, Gudivada, Krishna-521301, Opp.Bank Of Baroda",521301
329,Ano Surge Hospital & Research Centre,Gujarat,Patan,"Doctor House,Opp Shantaba Hall,Bus Station Road",384265
330,Ansari Hospital,Delhi,Delhi,"Rz-20F/B, Street No-6, Sagarpur Main.",110046
331,Ansuya General Hospital,Gujarat,Ahmedabad,"#4,Daxini Society,Maninagar",380008
332,Anu Hospital,Tamilnadu,Tanjore,"#69,Trichy Road,Very Near To Railway Station",613007
333,Anu Hospitals,Andhra Pradesh,Vijayawada,"33-18-1,Chalasani Venkata Krishwaiah Street Near Puspha Hotel, Krishna Suryaraopet",520002
334,Anuchandra Accident Hospital,Maharashtra,Baramati,"Geetai Building, Cinema Road,",413102
335,Anugraha Hospital,Karnataka,Bangalore,"No 18/2,1St Cross,M.C. Layout,Vijayanagar",560079
336,Anugraha Hospital,Karnataka,Davangere,"# 2698,2Nd Main,2Nd Cross,M.C. B Block",577004
337,Anugraha Nursing Home,Karnataka,Bangalore,"No 2,Vinayaka Circle, Palace Guttahalli Main Road, Bangalore-560003Circle Palace Guttahalli Main",560003
338,Anugrahaa Hospital,Karnataka,Bangalore,"55/3A, Govindana Setty Palya Road Konappana Agrahara Electronic City Infosysbangalore South Taluk",560100
339,Anuj Hospital,Haryana,Faridabad,"#2159 & 2161, Sector-16,Faridabad-121002.",121002
340,Anukrushna Hospitals,Andhra Pradesh,Hyderabad,"10-191/2, Vasanthapuri Colonymalkajgiri",500047
341,Anupam Jyoti Medical Centre,Uttar Pradesh,Noida,"C-38A, Rajat Vihar, Sector-62.",201301
342,Anupama Hospital,Andhra Pradesh,Hyderabad,"16-31/494 & 495, 6Th Phase, Kphb Colony,Kukatpally, Hyderabad-500072",500072
343,Anupama Maternity & Nursing Home,Maharashtra,Mumbai,"1/18, Jaykar Smruti,Aarey Road, Goregaon West.",400062
344,Anupama Surgical & Children Hospital,Andhra Pradesh,Vizag,"47-9-21, Dwarakanagar, Visakha Patnam",530016
345,Anuradha Hospital & Trauma Centre,Haryana,Faridabad,"D-635 60 Fit Road,Ballabhgarh",121004
346,Anuradha Nursing Home,Karnataka,Shimoga,"1St Cross, Raghavendra Extension, Thirthahalli.",577432
347,Anurag Nursing Home,Rajasthan,Jaipur,"60/181,Heerapath,Mansarower",302020
348,Anusha Hospital,Andhra Pradesh,Hyderabad,"12-2-454,Gudi Malkapur,Mehdipatnam",500028
349,Anvitha Hospital,Andhra Pradesh,Hyderabad,"8-3-23A/A/516,517,A-Block Sri Keishna Nagar,Yousufguda",500045
350,Anwar Memorial Hospital,Kerala,Aluva,"Santhosh Lane, Aluva,Ernakulam Dist.",683101
351,Aparna Hospital,Tamilnadu,Coimbatore,"450-D,Palaghat Main Road,Kuniamuthu",641008
352,Aparna Hospitals Pvt Ltd,Andhra Pradesh,Warangal,"#2-5-680,Subedari,Hanamkonda",506001
353,Apex Citi Hospital (A Unit Of Siddhartha Healthcare Pvt Ltd.),Delhi,Delhi,"D-440, West Vinod Nagar, Hanuman Road, I.P. Extension, Delhi-110092, Near Punjab National Bank",110092
354,Apex Hospital,Punjab,Mohali,"Scf-43,44,Ph 3B-2",160060
355,Apex Hospital,Andhra Pradesh,Rajamundry,"75-6-23, Prakash Nagar,East Godavari, Rajamundry.",533103
356,Apex Hospital,Karnataka,Bidar,"Opp Ganesh Maidan, Bidar, Karnataka",585407
357,Apex Hospital,Madhya Pradesh,Gwalior,"#34,Tagore Nagar,Gwalior",474011
358,Apex Hospital,Maharashtra,Mumbai,"A-Wing, Vaishali Heights, Chandavarkar Road, Borivali (W), Mumbai-400092",400092
359,Apex Hospital,Maharashtra,Mumbai,"Gupte Road, Opp.Shivsena Shakha",421202
360,Apex Hospital,Maharashtra,Mumbai,"Parnaka, Shivtirth, Apt. Ground Floor, Kalyan, Thane, Maharashtra.",421301
361,Apex Hospital & Trauma Centre,Haryana,Rewari,"Plot No 5, Sector 6, Dharuhera, Rewari, Haryana",123106
362,Apex Hospital (P) Ltd,Rajasthan,Jaipur,"Sp 4 & 6 , Mia, Malviya Nagar ,Industrial Area, Jaipur",302017
363,Apex Hospital (Steel City Critical Care Pvt Ltd),Andhra Pradesh,Vizag,"16-1-5, Coastal Battery Road, Maharanipeta",530002
364,Apex Institute Of Medical Sciences.,West Bengal,Kolkata,"1219, Survey Park, Santoshpur, Kolkata-700075. Hi-Land Park, Big Bazar",700075
365,Apex Kidney Care Pvt Ltd,Maharashtra,Mira Road,"101, Eden Rose Shopping Complex,Opp. Cinemax Multiplex,Beverly Park, Mira Road (E),Thane",401107
366,Apex Kidney Care Pvt Ltd,Maharashtra,Mumbai,"''Gaurav Plaza, Annex, R.R.T. Road, Mulund (W), Mumbai",400080
367,Apex Kidney Care Pvt Ltd,Maharashtra,Mumbai,"C/O. Sushrut Hospital, 2Nd Fllor, Swastik Park, Near Kach Gujar Hall, Chembur (E). Mumbai",400071
368,Apex Kidney Care Pvt Ltd,Maharashtra,Mumbai,"Abhishek Commericial Complex, 3Rd Floor S.V. Road, Malad, Near Aditi Hotel, Mumbai, Maharashtra.",400064
369,Apex Research Centre & Hospital Pvt Ltd,Madhya Pradesh,Bhopal,"116-117, Sindhi Colony, Berasia Road,",462001
370,Apex Welcare Pvt Ltd ( Apex Hosptial),Uttar Pradesh,Varanasi,"Near Dlw & Hydil, Varanasi-221004",221004
371,Apollo B.G.S Hospitals,Karnataka,Mysore,Adichunchanagiri Roadkuvempunagar Road,570023
372,Apollo Emergency & Clinic,Andhra Pradesh,Hyderabad,16-2-705/5/5Malakpet,500036
373,Apollo Emergency & Clinic,Andhra Pradesh,Hyderabad,"Opp Sai Baba Temple, Bhagyanagar Colony,Kukkatpally Housing Board",500072
374,Apollo Emergency & Clinic,Andhra Pradesh,Hyderabad,"Mehdipatnam, Meeraj Complex, Hyderabad-500028",500028
375,Apollo Emergency Hospital,Andhra Pradesh,Hyderabad,"3-5-836 Hyderguda, Hyderabad 500029",500029
376,Apollo First Med Hospitals,Tamilnadu,Chennai,"No 154, Poonamallee High Road, Near Neyveli House, Kilpauk, Chennai - 6000No 154, Poonamallee High Road, Near Neyveli House, Kilpauk, Chennai - 6000",600010
377,Apollo Gleneagles Hospitals Ltd.,West Bengal,Kolkata,"58, Canal Circular Road,Kolkatta-700054",700054
378,Apollo Hospital,Andhra Pradesh,Secunderabad,"Vikrampuri Colony, Rajivi Gandhi Marg, Kharkhana.",500003
379,Apollo Hospital ( T.H.Road-Chennai),Tamilnadu,Chennai,"#645, T.H.Road, Tondiarpet",600081
380,Apollo Hospital (Kakinada),Andhra Pradesh,Eastgodavari,"13-1-3, Main Road, Kakinada - 533001",533001
381,Apollo Hospital International Ltd,Gujarat,Gandhinagar,"Plot No.1A, Gidc Estate-Bhat, Gandhinagar-382428",382428
382,Apollo Hospital- Basheerbagh,Andhra Pradesh,Hyderabad,"Skylane Theatre Lane, Basheerbagh, Hyderabad-500016Basheerbagh",500016
383,Apollo Hospitals,Andhra Pradesh,Hyderabad,"Jubilee Hills, Hyderabad-500033",500033
384,Apollo Hospitals,Andhra Pradesh,Secunderabad,#9-1-87/1 Next To Keys High School St. Johns Road,500003
385,Apollo Hospitals,Andhra Pradesh,Vizag,"Waltair Main Road, Vishakapatnam-530002",530017
386,Apollo Hospitals,Karnataka,Bangalore,"No.154/11,Opp To Iimb,Bannerghatta Road,",560076
387,Apollo Hospitals (Greams Road-Chennai),Tamilnadu,Chennai,"#21, Greams Lane,Greams Road, Chennai-600006",600006
388,Apollo Hospitals Bilaspur,Chattisgarh,Bilaspur,"Seepat Road,Bilaspur(C.G)",495006
389,Apollo Hospitals Enterprise Ltd,Orissa,Khurda,"Plt # 251,Sainik School Road,",751005
390,Apollo Hospitals Enterprise Ltd,Andhra Pradesh,Hyderabad,"Dmrl Cross Road, Santhosh Nagar,Kanchanbag, Hyderabad -500058",500058
391,Apollo Hospitals Karaikudi,Tamilnadu,Karaikudi,"Madurai Main Road, Managiri Village Karaikodi, Tamilnadu-630307, Near, Chettinad Public School",630307
392,Apollo Koramangala Cradle Limited,Karnataka,Bangalore,"#25. 46Th Cross, 5Th Block, Jayanagar, Bangalore, Karnataka",560011
393,Apollo Koramangla Cradle Limited,Karnataka,Bangalore,"No.58, 5Th Cross, 18Th Main Koramangla, 6Th Block, Bangalore, Karnataka.",560095
394,Apollo Nursing Home,Andhra Pradesh,Karimnagar,"H.No.3-3-111,Sawaran Street,Civil Hospital Road",505001
395,Apollo Speciality Hospital (Chennai),Tamilnadu,Chennai,"No 320 5Th Floor, Padma Complex, Anna Salai, Near Lr Swami Building, Nandanam, Chennai, Tamil Nadu",600035
396,Apollo Speciality Hospital (Madurai),Tamilnadu,Madurai,"20,Lake View, Kk Nagar,",625020
397,Apollo Victor Hospital,Goa,Margao,"Malbhat, Margao, South Goa, Salcetemargao",403601
398,Apolo Hospital,Punjab,Amritsar,"#2509/3,Bhushanpura,Inside Suctan Wind Gate",143001
399,Apoorva Health Services Pvt Ltd,Andhra Pradesh,Vizag,"50-17-62, Rajendranagar, Visakhapatnam-530016",530016
400,Apoorva Hospital,Andhra Pradesh,Hyderabad,"46/A, Santoshnagar Colony,Mehdipatnam, Hyderabad-500028",500028
401,Apoorva Hospital,Karnataka,Davangere,"3Rd Main Road, 9Th Cross, J.P. Extention.",577002
402,Apoorva Multispeiality Hospital,Karnataka,Belgaum,"Shreem 4889/90, Off Dr S P M Road, Near Prakash Theatre, Shastrinagar, Belgum- 590002",590002
403,Appasamy Medicare Centre Pvt Ltd,Tamilnadu,Chennai,"23-25, Friends Avenue, Arumbakkam, Chennaiarumbakkam",600106
404,Apple Hospital,Andhra Pradesh,Hyderabad,"Plot # 266,Vivekanandanagar Colony,Kukatpally",500072
405,Apple Hospital,Karnataka,Bangalore,#32 Maruthi Complex M S Nagar Bus Stop Banaswadi Main Road Bangalore,560033
406,Appollo Medical Invstgations & Appollo Nursing Home,Madhya Pradesh,Indore,"# 584, M.G. Road, New Palasiaindore",452001
407,Appusami Hospital,Tamilnadu,Salem,"# 8Z/A, Gandhi Road,Salem-636007.",636007
408,Apulki Vairagade Multispeciality Hospital,Maharashtra,Nagpur,"Manewada Cement Road,Plot # 151,Opp To Navdurga Mandir",440024
409,Arasan Eye Hospital,Tamilnadu,Erode,"#26, Annamalai Layout,Opp To Road Theatre",638011
410,Aravali Hospital,Rajasthan,Udaipur,"# 332, Ambamata Schemeudaipur, Rajasthan",313004
411,Aravind Eye Hospital (Salem),Tamilnadu,Salem,"64, Sankagiri Main Road, Nethimedu, Salem, Tamilnadu-636002, Opposite To Kaliamman Temple",636002
412,Aravind Eye Hospital - Coimbatore,Tamilnadu,Coimbatore,"Avanashi Road, Coimbatore-641014Teelametu",641014
413,Aravind Eye Hospital - Pondicherry,Tamilnadu,Pondicherry,"Cuddalore Main Road,Abishekapakkam Post,Thavalakuppam, Pondicherry-605007Thavalakuppam",605007
414,Aravind Eye Hospital - Theni,Tamilnadu,Theni,"371,Periakulam Road,Allinagaram",625531
415,Aravind Eye Hospital - Tirunelveli,Tamilnadu,Tirunelveli,# 1. S.N. High Road,627001
416,Aravind Eye Hospital Private Limited,Andhra Pradesh,Hyderabad,"# 12-2-824/A/1, Santosh Nagar Colony, Opp:St.Ann'S Womens College, Mehdipatnam. Hyderabad-500028",500028
417,Aravind Eye Hospital- Madhurai,Tamilnadu,Madurai,"1- Anna Nagar, Madurai-625020Madhurai",625020
418,Aravind Eye Hospital-Tirupur,Tamilnadu,Tirupur,"Dharapuram Main Road, K. Chettipalayam, Tirupur, Tamilnadu",641608
419,Aravind Multispeciality Hospital,Andhra Pradesh,Hyderabad,Opp Police Station Hayata Nagar Opp Police Station,501505
420,Aravind Nethralaya Meenakshi Hospital,Andhra Pradesh,Nellore,"16-2-269, Swathantra Park Street,Near Saibaba Temple, Gandhi Nagar,Nellore",524001
421,Aravind Sai Eye Hospital,Tamilnadu,Chennai,"# 1, Ganesan Street,Pammal Main Road Krishna Nagar",600075
422,Aravinda Hospital,Karnataka,Mysore,"#644,4Th Main, Aravinda Nagar,",570023
423,Aravindam Orthopaedic And Physiotherapy Centre,Andhra Pradesh,Rajamundry,"D.No-6-18-3, Kokkondavari Street, T Nagar.Rajahundry-1",533101
424,Archana Hospital,Rajasthan,Jaipur,"Airport Circlr, Sanganer",302011
425,Archana Hospital,Andhra Pradesh,Himayatnagar,Ram Nagar,560048
426,Archana Hospital,Karnataka,Mandya,"K.R. Road, Ashok Nagar, Mandya-571401Mandya",571401
427,Argade Hospital & Maternity Home,Maharashtra,Pune,"Pune-Nashik Highway,Ambethan Chawk,Chakan Talkhed",410501
428,Arihant Fracture & Orthopaedic Hospital,Gujarat,Ahmedabad,"Upnishad, 1St Floor, Near Shreyas Rly Crossing. Ambavadi.",380015
429,Arihant Heart & Medical Hospital,Gujarat,Ahmedabad,"S-15, Shubh Complex,2Nd Floor, Nr.Rajasthan Hospitalrajasthan Hosp. Road,",380004
430,Arihant Heart Clinic,Maharashtra,Mumbai,"103, Lancelot, Next To Dattani Nagar, S V Road Borivali(West)S.V.Road, Borivili (W),",400092
431,Arihant Hospital,Haryana,Gurgaon,"Hno-122,Block-G,Oriental Villa,Sector-57",122002
432,Arihant Hospital & Research Centre,Madhya Pradesh,Indore,"283-A, Gumasta Nagar",452009
433,Ark Nursing Home,Tamilnadu,Krishnagiri,"29-A, 4Th Cross,Co Operative Colony Near Employment Officeco-Ops Colony",635001
434,Arneja Institute Of Cardialogy Pvt Ltd,Maharashtra,Nagpur,"123, Ramdaspeth Behind Somalwar School",440010
435,Arogyadham,Uttar Pradesh,Bareilly,"B-51, Rajendranagar",243122
436,Arogyalayam Hospital,Kerala,Aluva,"Arogayalayam Junction, By-Pass, Aluva, Ernakulam, Kerala-683101",683101
437,Arogyam Superspeciality Hospital,Maharashtra,Nagpur,"#34, Sita Nagar Wardha Road Opp Green Wally Lawns",440025
438,Arogyaseva Medical Academy Of India,Maharashtra,Pune,"32/2A,Erandwanabehind Mehendale Garage",411004
439,Arokya Hospital,Tamilnadu,Chennai,"#32, Pillayar Koil Street",600078
440,Arora Hospital,Punjab,Amritsar,G T Roa Chheharta Amritsar-143005,143005
441,Arora Hospital(P) Ltd,Rajasthan,Bharatpur,"# 42, Krishnanagar,Bharatpur,",321001
442,Arpan General Hospital,Maharashtra,Mumbai,"Arpan Shopping Arcade, 1St Floor, C.S.T. Road, Kurla West.",400070
443,Arpan Hospital And Research Center,Madhya Pradesh,Indore,"15/2, Imli Bazar Near Rajnadaindore ( M.P )",452004
444,Arpan Maternity Hospital & Endoscopy Centre,Gujarat,Porbandar,"Uganda Road, Porbandar, Near Railway Station",360575
445,Artemis Medicare Services Ltd,Haryana,Gurgaon,"Sector-51,",122001
446,Arthroscopy & Spinal Endoscopy Centre,Punjab,Chandigarh,"Sco66, Sector 20C, Chandigarh-160020",160020
447,Arthur Astrvatham Hospital,Tamilnadu,Madurai,"No.42-A,Kuruvikaran Salai,",625020
448,Arul Hospital,Tamilnadu,Trichy,"#6A,T.V.K.Nagar,Puthur",620017
449,Arul Mission Hospital,Tamilnadu,Tirunelveli,"7A1 & 2,North Main Road,Vallioor",627117
450,Arumana Hospital,Kerala,Trivandrum,Perunthanni,695008
451,Arun Hospital,Tamilnadu,Madurai,"#186,Munichalai Road,",625009
452,Arun Hospital (Pollachi),Tamilnadu,Pollachi,"49/84, New Scheme Roadpollachi Coimbatore",642002
453,Arun Hospital (Theni),Tamilnadu,Theni,"51, Uthamapalayam Road,Bus Stand Bodinayakanur",625513
454,Arun Kidney Centre,Andhra Pradesh,Vijayawada,"#29-23-9,Tadepallivani Street,Suryaraopet",520002
455,Aruna Aspatal,Rajasthan,Chittorgarh,"#16, Rajeev Coloni, Meera Market, Chittorgarh, Rajasthan",312001
456,Aruna Hospital,Karnataka,Tumkur,"Dr.Radhakrishan Road, Tumkur",572102
457,Aruna Shakti Nursing Home,Orissa,Sambalpur,A.N. Guha Lane,768001
458,Arunn Surgery,Tamilnadu,Coimbatore,"Dr.Nanjappa Road,",641018
459,Arunodaya Deseret Eye Hospital,Haryana,Gurgaon,"# Nh 4, Sector-55, Gurgaon, Haryana",122003
460,Arunodaya Health Care,West Bengal,Hooghly,"Lichubagan, Po-Garalgacha,P.S-Dankuni.",712708
461,Arunodaya Hospitals,Karnataka,Bangalore,"# 18-23,4Th And 5Th Cross Mallasandra Main Road",560057
462,Arunpriya Nursing Home,Tamilnadu,Nagapattanam,"3&4, Pattamangalam Street,Nagapattinam",609001
463,Arushi Medical Centre,Uttar Pradesh,Lucknow,"B-1/31, Sector-K, Aliganj, Lucknow - 226024",226022
464,Arvind Hospital Pvt Ltd,Bihar,Patna,"Ashok Rajpath,Opp.Pmch,",800004
465,Arvinth Hospital,Tamilnadu,Namakkal,"# 17, Rangar Sannathi Street,Namakkal- 637001",637001
466,Arya Hospital,Delhi,Delhi,"C-1/101.Pankha Road,Janak Puri,New Delhi West,",110058
